id,name,model_id:id,group_id:id,perm_read,perm_write,perm_create,perm_unlink
voucher_mgr,access_voucher_mgr,vouchers_pos.model_gift_voucher_pos,point_of_sale.group_pos_manager,1,1,1,1
coupon_mgr,access_coupon_mgr,vouchers_pos.model_gift_coupon_pos,point_of_sale.group_pos_manager,1,1,1,1
partner_coupon_mgr,access_partner_coupon_mgr,vouchers_pos.model_partner_coupon_pos,point_of_sale.group_pos_manager,1,1,1,1
voucher_usr,access_voucher_usr,vouchers_pos.model_gift_voucher_pos,point_of_sale.group_pos_user,1,0,0,0
coupon_usr,access_coupon_usr,vouchers_pos.model_gift_coupon_pos,point_of_sale.group_pos_user,1,0,0,0
partner_coupon_usr,access_partner_coupon_usr,vouchers_pos.model_partner_coupon_pos,point_of_sale.group_pos_user,1,0,0,0
