<?xml version="1.0" encoding="UTF-8"?>

<templates>

    <!-- GridStack Chart Item Container-->
    <t t-name="ks_gridstack_container">
        <div class="grid-stack-item ks_chart_container" t-att-id="chart_id">
            <div  class="panel panel-default grid-stack-item-content ks_dashboarditem_chart_container ks_dashboard_item_hover card shadow">
                <t t-if="ksIsDashboardManager">
                    <div style="position: absolute;top: 0px;right: 8px;" class="ks_dashboard_item_button_container ks_dropdown_container ks_dashboard_item_header ks_dashboard_item_header_hover chart_button_container d-flex">

                        <div class="ks_chart_inner_buttons">
                            <button title="Move/Duplicate" data-toggle="dropdown"
                                    class="ks_dashboard_item_action btn dropdown-toggle btn-xs" type="button"
                                    aria-expanded="true">
                                <i class="fa fa-files-o"/>
                            </button>
                            <ul role="menu" class="ks_dashboard_menu_container dropdown-menu dropdown-menu-right">
                                <li class="ks_md_heading">
                                    <span>Select Dashboard</span>
                                </li>
                                <li class="my-3">
                                    <select class="o_input o_group_selector o_add_group ks_dashboard_select">
                                        <t t-foreach="ks_dashboard_list" t-as="ks_dashboard">
                                            <option t-att-value="ks_dashboard['id']">
                                                <t t-esc="ks_dashboard['name']"/>
                                            </option>
                                        </t>
                                    </select>
                                </li>
                                <li class="mt-3">
                                    <button class="btn btn-primary o_apply_group o_add_group ks_duplicate_item"
                                            tabindex="-1" type="button">Duplicate
                                    </button>
                                    <button class="btn btn-primary o_apply_group o_add_group ks_move_item"
                                            tabindex="-1"
                                            type="button">Move
                                    </button>
                                </li>
                            </ul>
                        </div>


                        <button class="ks_dashboard_item_customize d-block d-sm-none" title="Customize Item" type="button">
                            <i class="fa fa-pencil"/>
                        </button>

                        <button class="ks_dashboard_item_delete" title="Remove Item" type="button">
                            <i class="fa fa-times"/>
                        </button>

                        <div class="ks_chart_inner_buttons ks_dashboard_more_action" t-att-data-item-id="chart_id">
                            <button title="Export Chart" data-toggle="dropdown"
                                    class="ks_dashboard_item_action  btn dropdown-toggle btn-xs o-no-caret btn"
                                    type="button"
                                    aria-expanded="true">
                                <i class="fa fa-ellipsis-v"/>
                            </button>
                            <div role="menu" class="dropdown-menu dropdown-menu-right">
                            </div>
                        </div>
                    </div>
                </t>
                <!-- <div style="background-color:transparent!important;border-color:transparent!important" class="panel-heading p-3 py-3 d-flex flex-row align-items-center justify-content-between ">
                <div  class="p-3 py-3 d-flex flex-row align-items-center justify-content-between ">
                    <h6 class="m-0 font-weight-bold h3 ks_chart_heading" t-att-title="ks_chart_title">
                        <t t-esc="ks_chart_title"/>
                    </h6>

                </div> -->
                <div style="background-color:transparent!important;border-color:transparent!important" class="panel-heading">
                    <h4>
                        <t t-esc="ks_chart_title"/>
                    </h4>
                </div>
                <div class="panel-body card-body ks_chart_card_body "/>
            </div>
        </div>
    </t>
    <!-- GridStack Chart Item Container
    <t t-name="ks_gridstack_container">
        <div class="grid-stack-item ks_chart_container" t-att-id="chart_id">
            <div  class="panel panel-default grid-stack-item-content ks_dashboarditem_chart_container ks_dashboard_item_hover card shadow">
                <t t-if="ksIsDashboardManager">
                    <div class="ks_dashboard_item_button_container ks_dropdown_container ks_dashboard_item_header ks_dashboard_item_header_hover chart_button_container d-flex">

                        <div class="ks_chart_inner_buttons">
                            <button title="Move/Duplicate" data-toggle="dropdown"
                                    class="ks_dashboard_item_action btn dropdown-toggle btn-xs" type="button"
                                    aria-expanded="true">
                                <i class="fa fa-files-o"/>
                            </button>
                            <ul role="menu" class="ks_dashboard_menu_container dropdown-menu dropdown-menu-right">
                                <li class="ks_md_heading">
                                    <span>Select Dashboard</span>
                                </li>
                                <li class="my-3">
                                    <select class="o_input o_group_selector o_add_group ks_dashboard_select">
                                        <t t-foreach="ks_dashboard_list" t-as="ks_dashboard">
                                            <option t-att-value="ks_dashboard['id']">
                                                <t t-esc="ks_dashboard['name']"/>
                                            </option>
                                        </t>
                                    </select>
                                </li>
                                <li class="mt-3">
                                    <button class="btn btn-primary o_apply_group o_add_group ks_duplicate_item"
                                            tabindex="-1" type="button">Duplicate
                                    </button>
                                    <button class="btn btn-primary o_apply_group o_add_group ks_move_item"
                                            tabindex="-1"
                                            type="button">Move
                                    </button>
                                </li>
                            </ul>
                        </div>


                        <button class="ks_dashboard_item_customize d-block d-sm-none" title="Customize Item" type="button">
                            <i class="fa fa-pencil"/>
                        </button>

                        <button class="ks_dashboard_item_delete" title="Remove Item" type="button">
                            <i class="fa fa-times"/>
                        </button>

                        <div class="ks_chart_inner_buttons ks_dashboard_more_action" t-att-data-item-id="chart_id">
                            <button title="Export Chart" data-toggle="dropdown"
                                    class="ks_dashboard_item_action  btn dropdown-toggle btn-xs o-no-caret btn"
                                    type="button"
                                    aria-expanded="true">
                                <i class="fa fa-ellipsis-v"/>
                            </button>
                            <div role="menu" class="dropdown-menu dropdown-menu-right">
                            </div>
                        </div>
                    </div>
                </t>
                <div style="background-color:transparent!important;border-color:transparent!important" class="panel-heading p-3 py-3 d-flex flex-row align-items-center justify-content-between ">
                <div  class="p-3 py-3 d-flex flex-row align-items-center justify-content-between ">
                    <h6 class="m-0 font-weight-bold h3 ks_chart_heading" t-att-title="ks_chart_title">
                        <t t-esc="ks_chart_title"/>
                    </h6>

                </div>
                <div class="panel-body card-body ks_chart_card_body"/>
            </div>
        </div>
    </t> -->

    <t t-name="ksMoreChartOptions">
        <div class="ks_chart_export_menu">
            <div class="ks_chart_export_menu_header">
                <span>Export</span>
            </div>
            <div class="ks_chart_xls_csv_export ks_chart_export_menu_item" t-att-data-chart-id="chart_id"
                 data-format="chart_xls">
                <i class="fa fa-file-excel-o"/>
                <span>Export to Excel</span>
            </div>
            <div class="ks_chart_xls_csv_export ks_chart_export_menu_item" t-att-data-chart-id="chart_id"
                 data-format="chart_csv">
                <i class="fa fa-file-code-o"/>
                <span>Export to CSV</span>
            </div>

            <div t-att-data-chart-id="chart_id" class="ks_chart_pdf_export ks_chart_export_menu_item">
                <i class="fa fa-file-pdf-o"/>
                <span>Save as PDF</span>
            </div>
            <a class="ks_chart_export_menu_item ks_chart_image_export" t-att-href="href"
               t-att-download="download_fileName+'.png'">
                <i class="fa fa-file-image-o"/>
                <span>Save as Image</span>
            </a>
        </div>
    </t>

    <!-- GridStack List View Item Container-->
    <t t-name="ks_gridstack_list_view_container">
        <div class="grid-stack-item" t-att-id="item_id">
            <div class="grid-stack-item-content ks_list_view_container ks_dashboard_item_hover card shadow">

                <div class="p-3 py-3 d-flex flex-row align-items-center justify-content-between ">
                    <h6 class="m-0 font-weight-bold h3">
                        <t t-esc="ks_chart_title"/>
                    </h6>

                    <t t-if="ksIsDashboardManager">
                        <!--  Dashboard Item Move/Copy Feature -->
                        <div class="ks_dashboard_item_button_container ks_dropdown_container ks_dashboard_item_header ks_dashboard_item_header_hover chart_button_container">
                            <button title="Move/Duplicate" data-toggle="dropdown"
                                    class="ks_dashboard_item_action btn dropdown-toggle btn-xs" type="button"
                                    aria-expanded="true">
                                <i class="fa fa-files-o"/>
                            </button>
                            <ul role="menu" class="ks_dashboard_menu_container dropdown-menu dropdown-menu-right">
                                <li class="ks_md_heading">
                                    <span>Select Dashboard</span>
                                </li>
                                <li class="my-3">
                                    <select class="o_input o_group_selector o_add_group ks_dashboard_select">
                                        <t t-foreach="ks_dashboard_list" t-as="ks_dashboard">
                                            <option t-att-value="ks_dashboard['id']">
                                                <t t-esc="ks_dashboard['name']"/>
                                            </option>
                                        </t>
                                    </select>
                                </li>
                                <li class="mt-3">
                                    <button class="btn btn-primary o_apply_group o_add_group ks_duplicate_item"
                                            tabindex="-1" type="button">Duplicate
                                    </button>
                                    <button class="btn btn-primary o_apply_group o_add_group ks_move_item" tabindex="-1"
                                            type="button">Move
                                    </button>
                                </li>
                            </ul>

                            <button title="Quick Customize"
                                class="ks_dashboard_quick_edit_action_popup  btn d-sm-block d-none"
                                type="button" t-att-data-item-id="item_id">
                            <i class="fa fa-pencil"/>
                        </button>

                            <button class="ks_dashboard_item_customize d-block d-sm-none" title="Customize Item" type="button">
                                <i class="fa fa-pencil"/>
                            </button>
                            <button class="ks_dashboard_item_delete" title="Remove Item" type="button">
                                <i class="fa fa-times"/>
                            </button>
                        </div>
                    </t>
                </div>
                <div class="card-body table-responsive"/>
            </div>
        </div>
    </t>

    <!-- Chart preview (item creation page form view) -->
    <t t-name="ks_chart_form_view_container">
        <div class="container-fluid">
            <div class="row">
                <div class="card shadow p-0 m-0 w-100">
                    <div class="p-3 py-3 d-flex flex-row align-items-center justify-content-between ">
                        <h6 class="m-0 font-weight-bold h3">
                            <t t-esc="ks_chart_name"/>
                        </h6>
                    </div>
                    <div class="card-body">
                        <canvas id="ksMyChart" height="250px"/>
                    </div>
                </div>
            </div>
        </div>
    </t>

    <!-- List View (item creation page form view) -->
    <t t-name="ks_list_view_container">
        <div class="container-fluid">
            <div class="row">
                <div class="card shadow col-md-9 p-0 m-0">
                    <div class="p-3 py-3 d-flex flex-row align-items-center justify-content-between ">
                        <h6 class="m-0 font-weight-bold h3">
                            <t t-esc="ks_list_view_name"/>
                        </h6>
                    </div>
                    <div class="card-body table-responsive ksMaxTableContent">
                        <t t-if="list_view_data">
                            <table id="ksListViewTable" class="table table-hover"
                                   t-att-data-model="list_view_data['model']">
                                <thead>
                                    <tr>
                                        <t t-foreach="list_view_data['label']" t-as="table_header">
                                            <th>
                                                <t t-esc="table_header"/>
                                            </th>
                                        </t>
                                        <th/>
                                    </tr>
                                </thead>
                                <tbody>
                                    <t t-foreach="list_view_data['data_rows']" t-as="table_row">
                                        <tr t-att-data-record-id="table_row['id']">
                                            <t t-foreach="table_row['data']" t-as="row_data">
                                                <td>
                                                    <t t-esc="row_data"/>
                                                </td>
                                            </t>
                                            <td>
                                                <i id="ks_item_info" t-att-data-model="list_view_data['model']"
                                                   t-att-data-record-id="table_row['id']" class="fa fa-pencil"/>
                                            </td>
                                        </tr>
                                    </t>
                                </tbody>
                            </table>
                        </t>
                        <t t-else="">
                            No Data Present
                        </t>
                    </div>
                </div>
            </div>
        </div>
    </t>


    <t t-name="ks_list_view_table">
        <t t-if="list_view_data">
            <table id="ksListViewTable" class="table table-hover" t-att-data-model="list_view_data['model']">
                <thead>
                    <tr>
                        <t t-foreach="list_view_data['label']" t-as="table_header">
                            <th>
                                <t t-esc="table_header"/>
                            </th>
                        </t>
                        <th/>
                    </tr>
                </thead>
                <tbody>
                    <t t-foreach="list_view_data['data_rows']" t-as="table_row">
                        <tr t-att-data-record-id="table_row['id']">
                            <t t-foreach="table_row['data']" t-as="row_data">
                                <td>
                                    <t t-esc="row_data"/>
                                </td>
                            </t>
                            <td>
                                <i id="ks_item_info" t-att-data-model="list_view_data['model']"
                                   t-att-data-list-type="list_view_data['list_view_type']"
                                   t-att-data-groupby="list_view_data['groupby']"
                                   t-att-data-record-id="table_row['id']" t-att-data-item-id="item_id"
                                   class="fa fa-pencil"/>
                            </td>
                        </tr>
                    </t>
                </tbody>
            </table>

        </t>
        <t t-else="">
            No Data Present
        </t>
    </t>

</templates>