<?xml version="1.0" encoding="UTF-8"?>

<templates>
   
    <!--    Dashboard Header : Show title and dashboard settings button-->
    <t t-name="ksDashboardNinjaHeader">
        <div class="o_control_panel">
            <ol class="breadcrumb">
                <li class="active">
                    <span id="ks_dashboard_title_label" class="ks_am_element">
                        <t t-esc="ks_dashboard_name"/>
                    </span>
                    <input id="ks_dashboard_title_input" typ="text" maxlength="30"
                        class="form-control form-control-lg ks_em_element ks_hide"
                    />
                </li>
            </ol>
            <div class="o_cp_searchview">
                <t t-if="ks_dashboard_manager">
                    <div class="ks_dashboard_top_menu ks_select_none">
                        <!--  Date Filter Selection Options (Hide default for no content view)-->
                        <div class="ks_dashboard_link ks_am_content_element ks_hide mr-4">
                        <!-- <div class="ks_dashboard_link ks_am_content_element mr-4"> -->
                            <div class="ks_date_filter_selection_input">
                                <div class="ks_date_selection_box">
                                    <div class="btn-group ">
                                        <button class="o_dropdown_toggler_btn btn btn-sm btn-secondary dropdown-toggle ks_date_filter_dropdown"
                                                data-toggle="dropdown"
                                                aria-expanded="false">
                                            <span class="fa fa-lg fa-calendar"/>
                                            <span id="ks_date_filter_selection"/>
                                            <span class="caret"/>
                                        </button>

                                        <ul id="ks_date_selector_container" class="dropdown-menu ks_date_filters_menu"
                                            role="menu">
                                            <li id="l_none">
                                                <span class="df_selection_text">None</span>
                                            </li>
                                            <li class="divider"/>
                                            <t t-foreach="date_selection_order" t-as="date_id">
                                                <li t-att-id="date_id">
                                                    <span class="df_selection_text">
                                                        <t t-esc="date_selection_data[date_id]"/>
                                                    </span>
                                                </li>
                                            </t>
                                        </ul>
                                    </div>
                                </div>

                                <!--Date input fields are shown only when Date Filter : Custom-->
                                <div class="ks_date_input_fields ks_hide">
                                    <span class="ks-dashboard-date-labels ks_hide">From:</span>
                                    <input type="text" id="ks_start_date_picker" placeholder="Start Date"
                                        autocomplete="off" class="ks_btn_middle_child o_input"/>
                                    <input type="hidden" id="ksActualStartDateToStore"/>
                                    <span class="ks-dashboard-date-labels ks_hide">To:</span>
                                    <input type="text" id="ks_end_date_picker" placeholder="End Date" autocomplete="off"
                                        class="ks_btn_last_child o_input"/>
                                    <input type="hidden" id="ksActualEndDateToStore"/>
                                </div>
                                
                            </div>
                            <div style="margin-right:8px" class="ks_date_apply_clear_print">
                                <!--Apply and Clear buttons will only be shown when Date filter : Custom-->
                                <button type='button' class='button btn btn-primary btn-sm apply-dashboard-date-filter ks_hide'
                                >Apply
                                </button>
                                <button type='button' class='button btn btn-primary btn-sm clear-dashboard-date-filter ks_hide'
                                >Clear
                                </button>
                                <button type='button'
                                        class='btn btn-primary d-none d-lg-block fa fa-print print-dashboard-btn m-1 ml-3'
                                        title="Print"/>
                            </div>
                        </div>

                        <!-- Add and Edit buttons-->
                        <div class="ks_dashboard_top_settings dropdown d-none d-lg-block">

                            <button class="btn btn-primary btn-sm ks_add_item_type_button dropdown-toggle mr-1"
                                    data-toggle="dropdown"
                                    aria-expanded="false">
                                <span class="fa fa-lg fa-plus-circle"/>
                                Add
                                <span class="caret"/>
                            </button>
                            <ul id="ks_add_item_selection" class="dropdown-menu"
                                role="menu">
                                <li data-item="ks_tile">
                                    <span class="df_selection_text">
                                        Tile
                                    </span>
                                </li>
                                <li data-item="ks_bar_chart">
                                    <span class="df_selection_text">
                                        Bar Chart
                                    </span>
                                </li>
                                <li data-item="ks_horizontalBar_chart">
                                    <span class="df_selection_text">
                                        Horizontal Bar Chart
                                    </span>
                                </li>
                                <li data-item="ks_line_chart">
                                    <span class="df_selection_text">
                                        Line Chart
                                    </span>
                                </li>
                                <li data-item="ks_area_chart">
                                    <span class="df_selection_text">
                                        Area Chart
                                    </span>
                                </li>
                                <li data-item="ks_pie_chart">
                                    <span class="df_selection_text">
                                        Pie Chart
                                    </span>
                                </li>
                                <li data-item="ks_doughnut_chart">
                                    <span class="df_selection_text">
                                        Doughnut Chart
                                    </span>
                                </li>
                                <li data-item="ks_polarArea_chart">
                                    <span class="df_selection_text">
                                        Polar Chart
                                    </span>
                                </li>
                                <!-- <li data-item="ks_list_view">
                                    <span class="df_selection_text">
                                        List View
                                    </span>
                                </li> -->
                            </ul>
                            <button id="ks_dashboard_layout_edit" class="btn btn-primary btn-sm ks_dashboard_edit_layout">
                                <span class="fa fa-lg fa-pencil"/>
                                Edit Layout
                            </button>
                        </div>

                        <!-- This should only be shown on : Edit Mode Layout-->
                        <div class="ks_dashboard_edit_mode_settings ks_hide">
                            <div class="oe_dashboard_links ">
                                <button type="button"
                                        class="button ks_dashboard_save_layout btn btn-sm btn-primary o_form_button_save"
                                        title="Save Changes">
                                    <span>Save</span>
                                </button>

                                <button type="button"
                                        class="button ks_dashboard_cancel_layout btn btn-sm btn-secondary o_form_button_cancel"
                                        title="Discard Changes">
                                    <span>Discard</span>
                                </button>
                            </div>
                        </div>
                    </div>
                </t>
            </div>
            <div class="o_cp_left">
                <div class="o_cp_buttons"></div>
                <div class="o_cp_sidebar"></div>
            </div>
            <div class="o_cp_right">
                <div class="btn-group o_search_options"></div>
                <div class="o_cp_pager"></div>
                <div class="btn-group btn-group-sm o_cp_switch_buttons"></div>
            </div>
        </div>
    </t>

<!--    Dashboard Main Body Container -->
     <t t-name="ks_main_body_container">

         <div class="ks_dashboard_main_content" >
             <div style="margin:10px" class="ks_dashboard_item_content grid-stack ks_dashboard_items_list " data-gs-width="35"/>
         </div>
     </t>

<!--    Empty Dashboard View Layout-->
    <t t-name="ksNoItemView">
        <div class="o_view_nocontent " style="padding: 20px;" >
            <div class="o_nocontent_help">
                <p class="o_view_nocontent_neutral_face">
                    Your personal dashboard is empty
                </p>
                <p>
                    To add dashboard item, use <strong>Add button</strong> on top right corner.
                </p>
            </div>
        </div>
    </t>

    <!--Item Layouts : -->

    <t t-name="ks_dashboard_item_layout1">
        <div t-att-class="'ks_item_click ' + ks_container_class">
            <div t-att-id="item.id"
                 t-att-class="'ks_dashboarditem_id ks_dashboard_item ks_dashboard_item_hover ' + ks_inner_container_class"
                 t-att-style="style_main_body">
                <div class="ks_dashboard_item_button_container ks_dropdown_container ks_dashboard_item_header ks_dashboard_item_header_hover">
                    <t t-if="item.ksIsDashboardManager">

                        <!--  Dashboard Item Move/Copy Feature -->
                        <button title="Move/Duplicate" data-toggle="dropdown"
                                class="ks_dashboard_item_action btn dropdown-toggle btn-xs" type="button"
                                aria-expanded="true">
                            <i class="fa fa-files-o"/>
                        </button>
                        <ul role="menu" class="ks_dashboard_menu_container dropdown-menu dropdown-menu-right">
                            <li class="ks_md_heading">
                                <span style="color:black!important">Select Dashboard</span>
                            </li>
                            <li class="my-3">
                                <select class="o_input o_group_selector o_add_group ks_dashboard_select">
                                    <t t-foreach="ks_dashboard_list" t-as="ks_dashboard">
                                        <option t-att-value="ks_dashboard['id']">
                                            <t t-esc="ks_dashboard['name']"/>
                                        </option>
                                    </t>
                                </select>
                            </li>
                            <li class="mt-3">
                                <button class="btn btn-primary o_apply_group o_add_group ks_duplicate_item"
                                        tabindex="-1" type="button">Duplicate
                                </button>
                                <button class="btn btn-primary o_apply_group o_add_group ks_move_item" tabindex="-1"
                                        type="button">Move
                                </button>
                            </li>
                        </ul>

                        <!-- <button title="Quick Customize"
                                class="ks_dashboard_quick_edit_action_popup  btn d-sm-block d-none"
                                type="button" t-att-data-item-id="item.id">
                            <i class="fa fa-pencil"/>
                        </button> -->

                        <button type="button" title="Customize Item" class="ks_dashboard_item_customize d-block d-sm-none">
                            <i class="fa fa-pencil"/>
                        </button>
                        <button type="button" title="Remove Item" class="ks_dashboard_item_delete">
                            <i class="fa fa-times"/>
                        </button>
                    </t>
                </div>

                <div class="ks_dashboard_item_main_body">
                    <div class="ks_dashboard_icon">
                        <t t-if="item.ks_icon_select=='Custom'">
                            <t t-if="ks_icon_url">
                                <img t-att-src="ks_icon_url"/>
                            </t>
                        </t>
                        <t t-elif="item.ks_icon_select=='Default'">
                            <span t-att-style="'color:'+ ks_rgba_default_icon_color + ';'"
                                  t-att-class="'fa fa-' + item.ks_default_icon + ' fa-5x'"/>
                        </t>
                        <!--<img t-att-src="ks_icon_url"/>-->
                    </div>
                    <div class="ks_dashboard_item_info">
                        <div class="ks_dashboard_item_name" t-att-title="item.name">
                            <t t-esc="item.name"/>
                        </div>
                        <div class="ks_dashboard_item_domain_count" t-att-title="data_count">
                            <t t-esc="data_count"/>
                        </div>
                    </div>
                </div>
            </div>
        </div>
    </t>

    <t t-name="ks_dashboard_item_layout2">
        <div t-att-class="'ks_item_click ' + ks_container_class">
            <div t-att-id="item.id"
                 t-att-class="'ks_dashboarditem_id ks_dashboard_item_l2 ks_dashboard_item_hover ' + ks_inner_container_class"
                 t-att-style="style_main_body">
                <div class="ks_dashboard_icon_l2" t-att-style="style_image_body_l2">
                    <!--<img t-att-src="ks_icon_url"/>-->
                    <t t-if="item.ks_icon_select=='Custom'">
                        <t t-if="ks_icon_url">
                            <img t-att-src="ks_icon_url"/>
                        </t>
                    </t>
                    <t t-elif="item.ks_icon_select=='Default'">
                        <span t-att-style="'color:'+ ks_rgba_default_icon_color + ';'"
                              t-att-class="'fa fa-' + item.ks_default_icon"/>
                    </t>
                </div>

                <div class="ks_dashboard_item_main_body_l2 ">
                    <div class="ks_dashboard_item_domain_count_l2" t-att-title="data_count">
                        <t t-esc="data_count"/>
                    </div>
                    <div class="ks_dashboard_item_name_l2" t-att-title="item.name">
                        <t t-esc="item.name"/>
                    </div>
                </div>

                <t t-if="item.ksIsDashboardManager">
                    <div class="ks_dashboard_item_button_container ks_dropdown_container ks_dashboard_item_header_l6 ks_dashboard_item_header_hover">

                        <!--  Dashboard Item Move/Copy Feature -->
                        <button title="Move/Duplicate" data-toggle="dropdown"
                                class="ks_dashboard_item_action btn dropdown-toggle btn-xs"
                                type="button"
                                aria-expanded="true">
                            <i class="fa fa-files-o"/>
                        </button>
                        <ul role="menu" class="ks_dashboard_menu_container dropdown-menu dropdown-menu-right">
                            <li class="ks_md_heading">
                                <span>Select Dashboard</span>
                            </li>
                            <li class="my-3">
                                <select class="o_input o_group_selector o_add_group ks_dashboard_select">
                                    <t t-foreach="ks_dashboard_list" t-as="ks_dashboard">
                                        <option t-att-value="ks_dashboard['id']">
                                            <t t-esc="ks_dashboard['name']"/>
                                        </option>
                                    </t>
                                </select>
                            </li>
                            <li class="mt-3">
                                <button class="btn btn-primary o_apply_group o_add_group ks_duplicate_item"
                                        tabindex="-1" type="button">Duplicate
                                </button>
                                <button class="btn btn-primary o_apply_group o_add_group ks_move_item" tabindex="-1"
                                        type="button">Move
                                </button>
                            </li>
                        </ul>

                        <button title="Quick Customize"
                                class="ks_dashboard_quick_edit_action_popup  btn d-sm-block d-none"
                                type="button" t-att-data-item-id="item.id">
                            <i class="fa fa-pencil"/>
                        </button>

                        <button type="button" title="Customize Item" class="ks_dashboard_item_customize d-block d-sm-none">
                            <i class="fa fa-pencil"/>
                        </button>
                        <button type="button" title="Remove Item" class="ks_dashboard_item_delete">
                            <i class="fa fa-times"/>
                        </button>
                    </div>
                </t>
            </div>
        </div>
    </t>

    <t t-name="ks_dashboard_item_layout3">
        <div t-att-class="'ks_item_click ' + ks_container_class">
            <div t-att-id="item.id"
                 t-att-class="'ks_dashboarditem_id ks_dashboard_item ks_dashboard_item_hover '+ ks_inner_container_class"
                 t-att-style="style_main_body">

                <div class="ks_dashboard_item_button_container ks_dropdown_container ks_dashboard_item_header ks_dashboard_item_header_hover">
                    <t t-if="item.ksIsDashboardManager">

                        <!--  Dashboard Item Move/Copy Feature -->
                        <button title="Move/Duplicate" data-toggle="dropdown"
                                class="ks_dashboard_item_action btn dropdown-toggle btn-xs" type="button"
                                aria-expanded="true">
                            <i class="fa fa-files-o"/>
                        </button>
                        <ul role="menu" class="ks_dashboard_menu_container dropdown-menu dropdown-menu-right">
                            <li class="ks_md_heading">
                                <span>Select Dashboard</span>
                            </li>
                            <li class="my-3">
                                <select class="o_input o_group_selector o_add_group ks_dashboard_select">
                                    <t t-foreach="ks_dashboard_list" t-as="ks_dashboard">
                                        <option t-att-value="ks_dashboard['id']">
                                            <t t-esc="ks_dashboard['name']"/>
                                        </option>
                                    </t>
                                </select>
                            </li>
                            <li class="mt-3">
                                <button class="btn btn-primary o_apply_group o_add_group ks_duplicate_item"
                                        tabindex="-1" type="button">Duplicate
                                </button>
                                <button class="btn btn-primary o_apply_group o_add_group ks_move_item" tabindex="-1"
                                        type="button">Move
                                </button>
                            </li>
                        </ul>
                        <button title="Quick Customize"
                                class="ks_dashboard_quick_edit_action_popup  btn d-sm-block d-none"
                                type="button" t-att-data-item-id="item.id">
                            <i class="fa fa-pencil"/>
                        </button>

                        <button type="button" title="Customize Item" class="ks_dashboard_item_customize d-block d-sm-none">
                            <i class="fa fa-pencil"/>
                        </button>
                        <button type="button" title="Remove Item" class="ks_dashboard_item_delete">
                            <i class="fa fa-times"/>
                        </button>
                    </t>
                </div>
                <div class="ks_dashboard_item_main_body">
                    <div class="ks_dashboard_icon_l3">
                        <t t-if="item.ks_icon_select=='Custom'">
                            <t t-if="ks_icon_url">
                                <img t-att-src="ks_icon_url"/>
                            </t>
                        </t>
                        <t t-elif="item.ks_icon_select=='Default'">
                            <span t-att-style="'color:'+ ks_rgba_default_icon_color + ';'"
                                  t-att-class="'fa fa-' + item.ks_default_icon + ' fa-5x'"/>
                        </t>
                    </div>
                    <div class="ks_dashboard_item_info ks_dashboard_item_info_l3">
                        <div class="ks_dashboard_item_domain_count_l3" t-att-title="data_count">
                            <t t-esc="data_count"/>
                        </div>
                        <div class="ks_dashboard_item_name_l3" t-att-title="item.name">
                            <t t-esc="item.name"/>
                        </div>
                    </div>
                </div>
            </div>
        </div>
    </t>


    <t t-name="ks_dashboard_item_layout4">
        <div t-att-class="'ks_item_click ' + ks_container_class">
            <div t-att-id="item.id"
                 t-att-class="'ks_dashboarditem_id ks_dashboard_item_l2 ks_dashboard_item_hover '+ ks_inner_container_class"
                 t-att-style="style_main_body">
                <div class="ks_dashboard_icon_l4" t-att-style="style_image_body_l2">
                    <t t-if="item.ks_icon_select=='Custom'">
                        <t t-if="ks_icon_url">
                            <img t-att-src="ks_icon_url"/>
                        </t>
                    </t>
                    <t t-elif="item.ks_icon_select=='Default'">
                        <span t-att-style="'color:'+ ks_rgba_default_icon_color + ';'"
                              t-att-class="'fa fa-' + item.ks_default_icon + ' fa-5x'"/>
                    </t>
                </div>

                <div class="ks_dashboard_item_main_body_l2 ks_bg_white">
                    <div class="ks_dashboard_item_domain_count_l2" t-att-title="data_count">
                        <t t-esc="data_count"/>
                    </div>
                    <div class="ks_dashboard_item_name_l2" t-att-title="item.name">
                        <t t-esc="item.name"/>
                    </div>
                </div>

                <t t-if="item.ksIsDashboardManager">
                    <div class="ks_dashboard_item_button_container ks_dropdown_container ks_dashboard_item_header_l6 ks_dashboard_item_header_hover">

                        <!--  Dashboard Item Move/Copy Feature -->
                        <button title="Move/Duplicate" data-toggle="dropdown"
                                class="ks_dashboard_item_action btn dropdown-toggle btn-xs"
                                t-att-style="style_button_customize_body"
                                type="button"
                                aria-expanded="true">
                            <i class="fa fa-files-o"/>
                        </button>
                        <ul role="menu" class="ks_dashboard_menu_container dropdown-menu dropdown-menu-right">
                            <li class="ks_md_heading">
                                <span>Select Dashboard</span>
                            </li>
                            <li class="my-3">
                                <select class="o_input o_group_selector o_add_group ks_dashboard_select">
                                    <t t-foreach="ks_dashboard_list" t-as="ks_dashboard">
                                        <option t-att-value="ks_dashboard['id']">
                                            <t t-esc="ks_dashboard['name']"/>
                                        </option>
                                    </t>
                                </select>
                            </li>
                            <li class="mt-3">
                                <button class="btn btn-primary o_apply_group o_add_group ks_duplicate_item"
                                        tabindex="-1" type="button">Duplicate
                                </button>
                                <button class="btn btn-primary o_apply_group o_add_group ks_move_item" tabindex="-1"
                                        type="button">Move
                                </button>
                            </li>
                        </ul>

                                                <button title="Quick Customize"
                                class="ks_dashboard_quick_edit_action_popup  btn d-sm-block d-none"
                                type="button" t-att-data-item-id="item.id">
                            <i class="fa fa-pencil"/>
                        </button>


                        <button type="button" title="Customize Item" class="ks_dashboard_item_customize d-block d-sm-none"
                        >
                            <i class="fa fa-pencil"/>
                        </button>
                        <button type="button" title="Remove Item" class="ks_dashboard_item_delete"
                        >
                            <i class="fa fa-times"/>
                        </button>
                    </div>
                </t>
            </div>
        </div>
    </t>

    <t t-name="ks_dashboard_item_layout5">
        <div t-att-class="'ks_item_click ' + ks_container_class">
            <div t-att-id="item.id"
                 t-att-class="'ks_dashboarditem_id ks_dashboard_item_l5 ks_dashboard_item_hover '+ ks_inner_container_class"
                 t-att-style="style_main_body">
                <div class="ks_dashboard_icon_l5">
                    <t t-if="item.ks_icon_select=='Custom'">
                        <t t-if="ks_icon_url">
                            <img t-att-src="ks_icon_url"/>
                        </t>
                    </t>
                    <t t-elif="item.ks_icon_select=='Default'">
                        <span t-att-style="'color:'+ ks_rgba_default_icon_color + ';'"
                              t-att-class="'fa fa-' + item.ks_default_icon + ' fa-5x'"/>
                    </t>
                </div>
                <div class="ks_dashboard_item_main_body_l5">
                    <div class="ks_dashboard_item_domain_count_l5" t-att-title="data_count">
                        <t t-esc="data_count"/>
                    </div>
                    <div class="ks_dashboard_item_name_l5" t-att-title="item.name">
                        <t t-esc="item.name"/>
                    </div>
                </div>
                <t t-if="item.ksIsDashboardManager">

                    <div class="ks_dashboard_item_button_container ks_dropdown_container ks_dashboard_item_header_l2 ks_dashboard_item_header_hover">

                        <!--  Dashboard Item Move/Copy Feature -->
                        <button title="Move/Duplicate" data-toggle="dropdown"
                                class="ks_dashboard_item_action btn dropdown-toggle btn-xs" type="button"
                                aria-expanded="true">
                            <i class="fa fa-files-o"/>
                        </button>
                        <ul role="menu" class="ks_dashboard_menu_container dropdown-menu dropdown-menu-right">
                            <li class="ks_md_heading">
                                <span>Select Dashboard</span>
                            </li>
                            <li class="my-3">
                                <select class="o_input o_group_selector o_add_group ks_dashboard_select">
                                    <t t-foreach="ks_dashboard_list" t-as="ks_dashboard">
                                        <option t-att-value="ks_dashboard['id']">
                                            <t t-esc="ks_dashboard['name']"/>
                                        </option>
                                    </t>
                                </select>
                            </li>
                            <li class="mt-3">
                                <button class="btn btn-primary o_apply_group o_add_group ks_duplicate_item"
                                        tabindex="-1" type="button">Duplicate
                                </button>
                                <button class="btn btn-primary o_apply_group o_add_group ks_move_item" tabindex="-1"
                                        type="button">Move
                                </button>
                            </li>
                        </ul>

                        <button title="Quick Customize"
                                class="ks_dashboard_quick_edit_action_popup  btn d-sm-block d-none"
                                type="button" t-att-data-item-id="item.id">
                            <i class="fa fa-pencil"/>
                        </button>

                        <button type="button" title="Customize Item" class="ks_dashboard_item_customize d-block d-sm-none">
                            <i class="fa fa-pencil"/>
                        </button>
                        <button type="button" title="Remove Item" class="ks_dashboard_item_delete">
                            <i class="fa fa-times"/>
                        </button>
                    </div>
                </t>
            </div>
        </div>
    </t>


    <t t-name="ks_dashboard_item_layout6">
        <div t-att-class="'ks_item_click ' + ks_container_class">
            <div t-att-id="item.id"
                 t-att-class="'ks_dashboarditem_id ks_dashboard_item_l2 ks_dashboard_item_hover '+ ks_inner_container_class"
                 t-att-style="style_main_body">


                <div class="ks_dashboard_item_main_body_l2">
                    <div class="ks_dashboard_item_domain_count_l2" t-att-title="data_count">
                        <t t-esc="data_count"/>
                    </div>
                    <div class="ks_dashboard_item_name_l2" t-att-title="item.name">
                        <t t-esc="item.name"/>
                    </div>
                </div>

                <div class="ks_dashboard_icon_l2">
                    <t t-if="item.ks_icon_select=='Custom'">
                        <t t-if="ks_icon_url">
                            <img t-att-src="ks_icon_url"/>
                        </t>
                    </t>
                    <t t-elif="item.ks_icon_select=='Default'">
                        <span t-att-style="'color:'+ ks_rgba_default_icon_color + ';'"
                              t-att-class="'fa fa-' + item.ks_default_icon + ' fa-5x'"/>
                    </t>
                </div>

                <t t-if="item.ksIsDashboardManager">
                    <div class="ks_dashboard_item_button_container ks_dropdown_container ks_dashboard_item_header_l6 ks_dashboard_item_header_hover">

                        <!--  Dashboard Item Move/Copy Feature -->
                        <button title="Move/Duplicate" data-toggle="dropdown"
                                class="ks_dashboard_item_action btn dropdown-toggle btn-xs" type="button"
                                aria-expanded="true">
                            <i class="fa fa-files-o"/>
                        </button>
                        <ul role="menu" class="ks_dashboard_menu_container dropdown-menu dropdown-menu-right">
                            <li class="ks_md_heading">
                                <span>Select Dashboard</span>
                            </li>
                            <li class="my-3">
                                <select class="o_input o_group_selector o_add_group ks_dashboard_select">
                                    <t t-foreach="ks_dashboard_list" t-as="ks_dashboard">
                                        <option t-att-value="ks_dashboard['id']">
                                            <t t-esc="ks_dashboard['name']"/>
                                        </option>
                                    </t>
                                </select>
                            </li>
                            <li class="mt-3">
                                <button class="btn btn-primary o_apply_group o_add_group ks_duplicate_item"
                                        tabindex="-1" type="button">Duplicate
                                </button>
                                <button class="btn btn-primary o_apply_group o_add_group ks_move_item" tabindex="-1"
                                        type="button">Move
                                </button>
                            </li>
                        </ul>

                        <button title="Quick Customize"
                                class="ks_dashboard_quick_edit_action_popup  btn d-sm-block d-none"
                                type="button" t-att-data-item-id="item.id">
                            <i class="fa fa-pencil"/>
                        </button>

                        <button type="button" title="Customize Item" class="ks_dashboard_item_customize d-block d-sm-none">
                            <i class="fa fa-pencil"/>
                        </button>
                        <button type="button" title="Remove Item" class="ks_dashboard_item_delete">
                            <i class="fa fa-times"/>
                        </button>
                    </div>
                </t>
            </div>
        </div>
    </t>

    <t t-name="ks_dashboard_item_layout_default">
        <div t-att-class="'ks_item_click ' + ks_container_class">
            <div t-att-id="item.id" class="ks_dashboard_item ks_dashboard_item_hover"
                 t-att-style="style_main_body">
                <t t-if="item.ksIsDashboardManager">

                    <div class="ks_dashboard_item_header ks_dashboard_item_header_hover">
                        <button type="button" title="Customize Item" class="ks_dashboard_item_customize">
                            <i class="fa fa-pencil"/>
                        </button>
                        <button type="button" title="Remove Item" class="ks_dashboard_item_delete">
                            <i class="fa fa-times"/>
                        </button>
                    </div>
                </t>
                <p>Layout Coming Soon</p>
            </div>
        </div>
    </t>

    <t t-name="ksQuickEditButtonContainer">
        <div class="ks_dashboard_quick_edit_action grid-stack-item" t-att-data-gs-x="grid.gsX"
             t-att-data-gs-y="grid.gsY" t-att-data-gs-width="grid.gsWidth" t-att-data-gs-height="grid.gsHeight">
            <button title="Quick Customize" data-toggle="dropdown"
                    class="ks_dashboard_item_action  btn dropdown-toggle btn-xs o-no-caret btn"
                    type="button"
                    aria-expanded="true">
                <i class="fa fa-cog"/>
            </button>
            <div role="menu" class="dropdown-menu ks_qe_dropdown_menu ">
            </div>
        </div>
    </t>

</templates>