<?xml version="1.0" ?>
<odoo>
        <record id="module_qaqc_category" model="ir.module.category">
            <field name="name">QAQC</field>
            <field name="sequence">17</field>
        </record>

        <record id="qaqc_group_user" model="res.groups">
            <field name="name">User</field>
            <field name="category_id" ref="module_qaqc_category"/>
            <field name="implied_ids" eval="[(4, ref('base.group_user'))]"/>

        </record>
        <record id="qaqc_group_manager" model="res.groups">
            <field name="name">Manager</field>
            <field name="category_id" ref="module_qaqc_category"/>
            <field name="implied_ids" eval="[(4, ref('qaqc_group_user'))]"/>
            <field name="users" eval="[(4, ref('base.user_root'))]"/>
        </record>
</odoo>
