<?xml version="1.0" encoding="utf-8"?>
<odoo>

    <!--    Default dashboard Data -->
    <data noupdate="1">
        <record id="ks_my_default_dashboard_board" model="ks_dashboard_ninja.board">
            <field name="name">My Dashboard</field>
            <field name="ks_dashboard_state">Locked</field>
            <field name="ks_dashboard_menu_name">My Dashboard</field>
            <field name="ks_dashboard_active">1</field>
            <!-- <field name="ks_dashboard_default_template" ref="ks_dashboard_ninja.ks_blank"/> -->
        </record>
    </data>

</odoo>