<?xml version="1.0" encoding="UTF-8"?>
<templates id="coupon_template" xml:space="preserve">
    <!--template for coupons-->
    <t t-name="VoucherWidget">
        <div class='control-button' style="width: 70%;margin-top: 5px;margin-bottom: -5px;">
            <div class="coupons">
                <i class='fa fa-star' /> Coupons
            </div>
        </div>
    </t>
    <t t-name="CouponPopupWidget">
        <div class="modal-dialog">
            <div class="popup popup-text">
                <p class="title"><t t-esc=" widget.options.title || '' " /></p>
                <input class="coupon_code" type='text' t-att-value="widget.options.value || ''"></input>
                <button class="validate_coupon">Verify</button>
                <div class="coupon_status">
                    <p class="coupon_status_p"></p>
                </div>
                <div class="footer">
                    <div class="button confirm-coupon" style="display:none;">
                        Apply
                    </div>
                    <div class="button cancel">
                        Cancel
                    </div>
                </div>
            </div>
        </div>
    </t>

<!--
    <t t-name="ClientLine">
        <tr class='client-line' t-att-data-id='partner.id'>
            <td><t t-esc='partner.name' /></td>
            <td><t t-esc='partner.address' /></td>
            <td><t t-esc='partner.phone or partner.mobile or ""' /></td>
            <td><t t-esc='partner.pos_pricelist_id[1] or ""' /></td>
        </tr>
    </t>
-->

    <t t-extend="ProductScreenWidget">
        <t t-jquery='div.placeholder-ActionpadWidget' t-operation='before'>
            <div class="placeholder-VoucherWidget"></div>
        </t>
    </t>
<!--
    <t t-extend="ClientListScreenWidget">
        <t t-jquery='.client-list' t-operation='replace'>
            <table class='client-list'>
                <thead>
                    <tr>
                        <th>Name</th>
                        <th>Address</th>
                        <th>Phone</th>
                        <th>POS Pricelist</th>
                    </tr>
                </thead>
                <tbody class='client-list-contents'>
                </tbody>
            </table>
        </t>
    </t>
-->

<!--
    <t t-extend="OrderSelectorWidget">
        <t t-jquery="div.order-selector" t-operation="append">
            <div>
                <span class="order-pricelist-label">
                   <b> Pricelist: </b>
                </span>
                <select id ="pos_pricelist" class="order-pricelist" >
                    <t t-if="widget.pos_pricelist">
                        <option>
                            <t t-esc='widget.pos_pricelist'/>
                        </option>
                    </t>
                    <option></option>
                    <t t-foreach="widget.pos.pricelists || []" t-as="item">
                        <t t-if="widget.pos_pricelist != item.name">
                            <option>
                                <t t-esc='item.name'/>
                            </option>
                        </t>
                    </t>
                </select>
            </div>
        </t>
    </t>
-->

</templates>